{"name":"Santri Online","short_name":"SantriOnline","start_url":"/","display":"standalone","background_color":"#ffffff","theme_color":"#008000","description":"Platform Digital Terintegrasi untuk Santri - Setor Hafalan, History Belajar Kitab, dan Ibadah Harian","orientation":"portrait","categories":["education","productivity","lifestyle"],"icons":[{"src":"/logo.png","sizes":"192x192","type":"image/png","purpose":"any maskable"},{"src":"/logo.png","sizes":"512x512","type":"image/png","purpose":"any maskable"}]}